Hour_of_Day,Revenue_Per_Costumer
6,4.25
7,1071.00724137931
8,500.71787037037
9,531.400905469278
10,589.181911500641
11,500.948222409436
12,433.849845425867
13,450.434343173432
14,457.221138517618
15,543.871134840871
16,524.16435302917
17,610.55893
18,669.196510416667
19,350.985547445255
20,1110.07117647059
